latitude,longitude,target_speed,way_maxspeed,speed_osrm,elevation,fwd_azimuth,way_type,way_surface,node:intersection,node:railway,node:crossing,node:highway,node:stop,start_stop,azimuth_diff,elevation_diff
49.201810847667645,16.580797613797525,9.2249651041304,30.0,6.7489319955110565,291.76927945451735,-34.89777167336778,residential,asphalt,,,,,,0,0.0,0.2378954628267138
49.20181822242724,16.580789763248358,9.066864758993905,30.0,6.693379483587236,292.00717491734406,-34.89777167336778,residential,asphalt,,,,,,0,0.0,0.2378954628267138
49.2018255971863,16.580781912696843,8.90876441385741,30.0,6.637826971663416,292.2450703801708,-34.89777167336778,residential,asphalt,,,,,,0,0.0,0.2378954628267138
49.20183297194481,16.580774062143,8.750664068720916,30.0,6.582274459739596,292.4829658429975,-34.89777167336778,residential,asphalt,,,,,,0,0.0,0.2378954628267138
49.20184034670278,16.58076621158682,8.592563723584421,30.0,6.526721947815775,292.7208613058242,-34.89777167336778,residential,asphalt,,,,,,0,0.0,0.2378954628267138
49.20184772146021,16.5807583610283,8.434463378447926,30.0,6.471169435891955,292.9587567686509,-34.89777167336778,residential,asphalt,,,,,,0,0.0,0.2378954628267138
49.20185510239248,16.580750523998628,8.186684255545623,30.0,6.478782267103046,293.0,-34.81452989096043,residential,asphalt,,,,,,0,0.0832417824073488,0.0412432313490853
49.20186248461936,16.58074268980447,7.920097094968353,30.0,6.499642559787532,293.0,-34.81452989096043,residential,asphalt,,,,,,0,0.0,0.0
49.20186986684568,16.580734855607975,7.653509934391083,30.0,6.520502852472017,293.0,-34.81452989096043,residential,asphalt,,,,,,0,0.0,0.0
49.20187724907149,16.580727021409142,7.386922773813813,30.0,6.541363145156502,293.0,-34.81452989096043,residential,asphalt,,,,,,0,0.0,0.0
49.201884631296736,16.58071918720799,7.120335613236543,30.0,6.562223437840988,293.0,-34.81452989096043,residential,asphalt,,,,,,0,0.0,0.0
49.20189201352145,16.580711353004496,6.853748452659273,30.0,6.583083730525473,293.0,-34.81452989096043,residential,asphalt,,,,,,0,0.0,0.0
49.20189940720583,16.58070354427083,6.573493540655107,30.0,6.60323495551192,293.0970486653576,-34.132196526905815,residential,asphalt,,,,,,0,0.6823333640546139,0.0970486653575903
49.20190685004344,16.58069584478724,6.234616416270349,30.0,6.620344925511475,293.6103477653443,-34.132196526905815,residential,asphalt,,,,,,0,0.0,0.513299099986682
49.20191429288053,16.580688145301337,5.89573929188559,30.0,6.63745489551103,294.1236468653309,-34.132196526905815,residential,asphalt,,,,,,0,0.0,0.5132990999866252
49.201921735717086,16.580680445813126,5.556862167500832,30.0,6.654564865510585,294.6369459653175,-34.132196526905815,residential,asphalt,,,,,,0,0.0,0.5132990999866252
49.20192917644163,16.580672742425346,5.217985043116073,30.0,6.5,295.0,-35.00993543209566,residential,asphalt,,,uncontrolled,crossing,,0,0.8777389051898439,0.3630540346824773
49.20193654111801,16.580664869844075,4.879107918731314,30.0,6.5,295.0,-35.00993543209566,residential,asphalt,,,,,,0,0.0,0.0
49.20194390579385,16.58065699726045,4.540230794346556,30.0,6.5,295.0,-35.00993543209566,residential,asphalt,,,,,,0,0.0,0.0
49.20195127046914,16.5806491246745,4.201353669961797,30.0,6.5,295.0,-35.00993543209566,residential,asphalt,,,,,,0,0.0,0.0
49.201958640250496,16.580641263264855,3.779809353290159,30.0,6.612566201717413,295.0,-34.75368704983484,residential,asphalt,,,,,,0,0.2562483822608215,0.0
49.20196602792476,16.58063344102276,3.068599881245357,30.0,7.119563439595906,295.0,-34.75368704983484,residential,asphalt,,,,,,0,0.0,0.0
49.20197341559849,16.580625618778335,2.357390409200556,30.0,7.626560677474398,295.0,-34.75368704983484,residential,asphalt,indistinct,,,,,0,0.0,0.0
49.20197975633227,16.580627797796367,2.48417898525042,50.0,2.391304347826088,295.0,54.0386133051795,residential,asphalt,,,,,,0,88.79230035501433,0.0
49.20198503661738,16.580638904595016,2.682951649146431,50.0,2.391304347826088,295.0,54.0386133051795,residential,asphalt,,,,,,0,0.0,0.0
49.20199031690142,16.58065001139601,2.881724313042442,50.0,2.391304347826088,295.0,54.0386133051795,residential,asphalt,,,,,,0,0.0,0.0
49.20199559718439,16.580661118199387,3.0804969769384525,50.0,2.391304347826088,295.0,54.0386133051795,residential,asphalt,,,,,,0,0.0,0.0
49.20200087746628,16.580672225005124,3.2792696408344635,50.0,2.391304347826088,295.0,54.0386133051795,residential,asphalt,,,,,,0,0.0,0.0
49.20200615856066,16.580683330908897,3.478042304730474,50.0,2.448928682128235,294.9862121228718,53.82398005077077,residential,asphalt,,,,,,0,0.2146332544087386,-0.0137878771282089
49.20201146607296,16.58069440744878,3.676814968626485,50.0,4.37779239491437,294.5246894659763,53.82398005077077,residential,asphalt,,,,,,0,0.0,-0.4615226568955108
49.20201677358419,16.580705483991036,3.875587632522496,50.0,6.306656107700505,294.0631668090808,53.82398005077077,residential,asphalt,,,,,,0,0.0,-0.4615226568955108
49.20202208109436,16.58071656053566,4.074360296418507,50.0,8.23551982048664,293.60164415218526,53.82398005077077,residential,asphalt,,,,,,0,0.0,-0.4615226568955108
49.20202738860347,16.580727637082667,4.273132960314518,50.0,10.164383533272776,293.14012149528975,53.82398005077077,residential,asphalt,,,,,,0,0.0,-0.4615226568955108
49.20203266352317,16.580738749753714,4.419266916394337,50.0,10.616140557410024,293.0,54.19255721747006,residential,asphalt,,,,,,0,0.3685771666992963,-0.1401214952897476
49.20203792423427,16.580749878175116,4.542451937216816,50.0,10.42392231748202,293.0,54.19255721747006,residential,asphalt,,,,,,0,0.0,0.0
49.20204318494429,16.580761006598888,4.665636958039295,50.0,10.23170407755402,293.0,54.19255721747006,residential,asphalt,,,,,,0,0.0,0.0
49.20204844565323,16.58077213502502,4.788821978861774,50.0,10.039485837626016,293.0,54.19255721747006,residential,asphalt,,,,,,0,0.0,0.0
49.2020537063611,16.580783263453508,4.9120069996842535,50.0,9.847267597698014,293.0,54.19255721747006,residential,asphalt,,,,,,0,0.0,0.0
49.20205899389138,16.58079436220089,5.079549451806476,50.0,10.074579885629772,293.24961807784524,53.9126210362461,residential,asphalt,,,,,,0,0.2799361812239596,0.2496180778452412
49.20206429016758,16.580805451271022,5.261556615401082,50.0,10.438698743769384,293.58063522160853,53.9126210362461,residential,asphalt,,,,,,0,0.0,0.3310171437632903
49.20206958644268,16.580816540343516,5.443563778995688,50.0,10.802817601908991,293.9116523653718,53.9126210362461,residential,asphalt,,,,,,0,0.0,0.3310171437632903
49.20207488271674,16.580827629418387,5.6255709425902936,50.0,11.166936460048603,294.2426695091351,53.9126210362461,residential,asphalt,,,,,,0,0.0,0.3310171437632903
49.20208017898972,16.580838718495624,5.8075781061848994,50.0,11.531055318188212,294.5736866528984,53.9126210362461,residential,asphalt,,,,,,0,0.0,0.3310171437632903
49.202085475261626,16.580849807575227,5.989585269779505,50.0,11.895174176327822,294.90470379666164,53.9126210362461,residential,asphalt,,,,,,0,0.0,0.3310171437632334
49.202090769789656,16.58086089859507,6.211784846874101,50.0,11.935887977592634,295.0,53.93196709980467,residential,asphalt,,,,,,0,0.0193460635585722,0.0952962033383642
49.20209606361205,16.58087199040072,6.450233232422664,50.0,11.845857034648336,295.0,53.93196709980467,residential,asphalt,,,,,,0,0.0,0.0
49.20210135743337,16.580883082208732,6.688681617971227,50.0,11.75582609170404,295.0,53.93196709980467,residential,asphalt,,,,,,0,0.0,0.0
49.20210665125363,16.58089417401912,6.927130003519791,50.0,11.665795148759742,295.0,53.93196709980467,residential,asphalt,,,,,,0,0.0,0.0
49.202111945072815,16.580905265831866,7.1655783890683535,50.0,11.575764205815444,295.0,53.93196709980467,residential,asphalt,,,,,,0,0.0,0.0
49.20211723889092,16.580916357646984,7.404026774616917,50.0,11.485733262871149,295.0,53.93196709980467,residential,asphalt,,,,,,0,0.0,0.0
49.20212253270797,16.580927449464472,7.64247516016548,50.0,11.395702319926848,295.0,53.93196709980467,residential,asphalt,,,,,,0,0.0,0.0
49.20212782652395,16.580938541284333,7.880923545714044,50.0,11.30567137698255,295.0,53.93196709980467,residential,asphalt,,,,,,0,0.0,0.0
49.20213311095012,16.580949643524256,7.875819875222778,50.0,11.210422209578285,295.0,54.02706764325144,residential,asphalt,,,,,,0,0.0951005434467688,0.0
49.2021383927013,16.580960748733524,7.80135237650309,50.0,11.113686887505551,295.0,54.02706764325144,residential,asphalt,,,,,,0,0.0,0.0
49.20214367445139,16.580971853945147,7.726884877783402,50.0,11.016951565432818,295.0,54.02706764325144,residential,asphalt,,,,,,0,0.0,0.0
49.202148956200425,16.580982959159147,7.652417379063715,50.0,10.920216243360084,295.0,54.02706764325144,residential,asphalt,,,,,,0,0.0,0.0
49.20215423794839,16.580994064375506,7.577949880344027,50.0,10.82348092128735,295.0,54.02706764325144,residential,asphalt,,,,,,0,0.0,0.0
49.20215951969527,16.58100516959424,7.50348238162434,50.0,10.726745599214617,295.0,54.02706764325144,residential,asphalt,,,,,,0,0.0,0.0
49.20216480144107,16.58101627481533,7.429014882904653,50.0,10.630010277141883,295.0,54.02706764325144,residential,asphalt,,,,,,0,0.0,0.0
49.20217005506626,16.581027410867016,7.408222717074043,50.0,10.607231091551007,295.0,54.58650383721061,residential,asphalt,,,,,,0,0.559436193959165,0.0
49.20217526551514,16.58103859425524,7.4698445621657665,50.0,10.698005404592076,295.0,54.58650383721061,residential,asphalt,,,,,,0,0.0,0.0
49.20218047596292,16.58104977764581,7.531466407257489,50.0,10.788779717633147,295.0,54.58650383721061,residential,asphalt,,,,,,0,0.0,0.0
49.20218568640962,16.581060961038734,7.5930882523492125,50.0,10.879554030674218,295.0,54.58650383721061,residential,asphalt,,,,,,0,0.0,0.0
49.20219089685524,16.58107214443401,7.654710097440935,50.0,10.970328343715288,295.0,54.58650383721061,residential,asphalt,,,,,,0,0.0,0.0
49.20219610729976,16.581083327831628,7.716331942532658,50.0,11.06110265675636,295.0,54.58650383721061,residential,asphalt,,,,,,0,0.0,0.0
49.2022013177432,16.5810945112316,7.777953787624382,50.0,11.15187696979743,295.0,54.58650383721061,residential,asphalt,,,,,,0,0.0,0.0
49.20220652818554,16.581105694633926,7.839575632716104,50.0,11.2426512828385,295.0,54.58650383721061,residential,asphalt,,,,,,0,0.0,0.0
49.20221178245735,16.581116829901664,7.873112256875776,50.0,11.285714285714286,295.0,53.93189944770274,residential,asphalt,,,,,,0,0.6546043895078668,0.0
49.202217076288406,16.58112792172461,7.88129988211728,50.0,11.285714285714286,295.0,53.93189944770274,residential,asphalt,,,,,,0,0.0,0.0
49.2022223701184,16.581139013549933,7.889487507358784,50.0,11.285714285714286,295.0,53.93189944770274,residential,asphalt,,,,,,0,0.0,0.0
49.20222766394732,16.581150105377628,7.897675132600288,50.0,11.285714285714286,295.0,53.93189944770274,residential,asphalt,,,,,,0,0.0,0.0
49.20223295777517,16.581161197207678,7.905862757841793,50.0,11.285714285714286,295.0,53.93189944770274,residential,asphalt,,,,,,0,0.0,0.0
49.20223825160196,16.581172289040104,7.914050383083297,50.0,11.285714285714286,295.0,53.93189944770274,residential,asphalt,,,,,,0,0.0,0.0
49.20224354542767,16.581183380874894,7.922238008324801,50.0,11.285714285714286,295.0,53.93189944770274,residential,asphalt,,,,,,0,0.0,0.0
49.20224883925231,16.581194472712053,7.930425633566306,50.0,11.285714285714286,295.0,53.93189944770274,residential,asphalt,,,,,,0,0.0,0.0
49.2022541510496,16.581205544485144,7.859175458796368,50.0,11.125564816039596,295.0,53.69219407584149,residential,asphalt,,,,,,0,0.2397053718612483,0.0
49.202259475241526,16.581216602421627,7.73314045552789,50.0,10.8549671563471,295.0,53.69219407584149,residential,asphalt,,,,,,0,0.0,0.0
49.20226477104989,16.581227691333126,7.607105452259412,50.0,10.625,295.0,55.173007425927416,residential,asphalt,,,uncontrolled,crossing,,0,1.4808133500859242,0.0
49.20226990621316,16.581238955550976,7.481070448990934,50.0,10.625,295.0,55.173007425927416,residential,asphalt,,,,,,0,0.0,0.0
49.20227504137532,16.581250219771153,7.355035445722456,50.0,10.625,295.0,55.173007425927416,residential,asphalt,,,,,,0,0.0,0.0
49.202280176536384,16.58126148399367,7.229000442453978,50.0,10.625,295.0,55.173007425927416,residential,asphalt,,,,,,0,0.0,0.0
49.20228531169634,16.581272748218517,7.102965439185501,50.0,10.625,295.0,55.173007425927416,residential,asphalt,,,,,,0,0.0,0.0
49.2022904468552,16.581284012445696,6.976930435917023,50.0,10.625,295.0,55.173007425927416,residential,asphalt,,,,,,0,0.0,0.0
49.202295576289664,16.581295282707618,6.850895432648545,50.0,10.654279213692064,295.0,55.56411613169008,residential,asphalt,,,,,,0,0.3911087057626616,0.0
49.20230066094923,16.58130660016401,6.724860429380067,50.0,10.912612586570631,295.0,55.56411613169008,residential,asphalt,,,,,,0,0.0,0.0
49.202305745607696,16.58131791762273,6.598825426111589,50.0,11.1709459594492,295.0,55.56411613169008,residential,asphalt,,,,,,0,0.0,0.0
49.20231083026504,16.58132923508377,6.472790422843112,50.0,11.42927933232777,295.0,55.56411613169008,residential,asphalt,,,,,,0,0.0,0.0
49.20231591492128,16.581340552547132,6.346755419574634,50.0,11.687612705206336,295.0,55.56411613169008,residential,asphalt,,,,,,0,0.0,0.0
49.2023209995764,16.581351870012814,6.220720416306156,50.0,11.945946078084908,295.0,55.56411613169008,residential,asphalt,,,,,,0,0.0,0.0
49.202326085374565,16.581363186271613,6.089679367716344,50.0,12.19437304239948,295.0,55.02882510686671,residential,asphalt,,,,,,0,0.5352910248233727,0.0
49.20233123909589,16.581374430746834,5.661449390447556,50.0,11.854696072528062,295.0,55.02882510686671,residential,asphalt,,,,,,0,0.0,0.0
49.20233639281612,16.581385675224393,5.2332194131787695,50.0,11.515019102656645,295.0,55.02882510686671,residential,asphalt,,,,,,0,0.0,0.0
49.20234154653523,16.581396919704286,4.804989435909982,50.0,11.175342132785229,295.0,55.02882510686671,residential,asphalt,,,,,,0,0.0,0.0
49.20234670025326,16.58140816418652,4.376759458641195,50.0,10.83566516291381,295.0,55.02882510686671,residential,asphalt,,,,,,0,0.0,0.0
49.20235168048065,16.58141958778389,3.5952575887344165,50.0,10.565976017329165,295.0,56.813755712924106,residential,asphalt,,,,,,0,1.7849306060574008,0.0
49.20235660219775,16.58143107178912,2.69461521666683,50.0,10.31989017759601,295.0,56.813755712924106,residential,asphalt,,,,,,0,0.0,0.0
49.20236152391372,16.581442555796617,1.7939728445992436,50.0,10.073804337862857,295.0,56.813755712924106,residential,asphalt,,,,,,0,0.0,0.0
49.20236681863615,16.581453637270524,1.582123905155707,50.0,13.054908590469047,295.0,52.65472734998008,residential,asphalt,,,,,,0,4.159028362944028,0.0
49.20237227315171,16.581464546302907,1.6653498441362764,50.0,17.418521268744662,295.0,52.65472734998008,residential,asphalt,,,,,,0,0.0,0.0
49.202377265869,16.58147595369225,1.748575783116846,50.0,13.734131486989666,295.0,56.81374928983918,residential,asphalt,,,,,,0,4.159021939859102,0.0
49.20238219734869,16.58148742758873,1.7875404159339918,50.0,9.098674335520393,295.0,54.84105993722054,residential,asphalt,,,,,,0,1.972689352618637,0.0
49.202387375188586,16.581498646241663,0.7094818424004246,50.0,11.687594264800508,295.0,54.84105993722054,residential,asphalt,,,,,,0,0.0,0.0
49.20239264812562,16.58150976106175,1.18941315552531,50.0,10.837968714011424,295.0,53.993712336957046,residential,asphalt,,,,,,0,0.8473476002634968,0.0
49.20239793411189,16.58152086163491,1.883147210245432,50.0,9.51647203168664,295.0,53.993712336957046,residential,asphalt,,,,,,0,0.0,0.0
49.20240276462602,16.58153243510232,2.040010583257568,50.0,14.105805121848874,294.0470748023761,57.54888394685876,residential,asphalt,side_to_side,,,,,0,3.5551716099017128,-0.9529251976239266
49.20240818842378,16.581543376842564,2.190097570186577,50.0,14.333333333333334,294.0,52.65469657173357,residential,asphalt,,,,,,0,4.894187375125185,-0.0470748023760734
49.20241364294288,16.58155428587987,2.340184557115585,50.0,14.333333333333334,294.0,52.65469657173357,residential,asphalt,,,,,,0,0.0,0.0
49.20241909746095,16.581565194919577,2.4902715440445946,50.0,14.333333333333334,294.0,52.65469657173357,residential,asphalt,,,,,,0,0.0,0.0
49.202424495080336,16.58157616938577,2.640358530973604,50.0,13.983398777291384,294.0,53.351825833072255,residential,asphalt,,,,,,0,0.6971292613386808,0.0
49.20242986222272,16.5815871788973,2.7904455179026124,50.0,13.44602947311754,294.0,53.351825833072255,residential,asphalt,,,,,,0,0.0,0.0
49.20243522936404,16.581598188411224,2.940532504831621,50.0,12.9086601689437,294.0,53.351825833072255,residential,asphalt,,,,,,0,0.0,0.0
49.2024405965043,16.581609197927534,3.0906194917606298,50.0,12.37129086476986,294.0,53.351825833072255,tertiary,asphalt,,,,,,0,0.0,0.0
49.20244596364351,16.581620207446214,3.2407064786896385,50.0,11.83392156059602,294.0,53.351825833072255,tertiary,asphalt,,,,,,0,0.0,0.0
49.20245133078166,16.58163121696728,3.390793465618648,50.0,11.29655225642218,294.0,53.351825833072255,tertiary,asphalt,,,,,,0,0.0,0.0
49.20245669791876,16.581642226490732,3.5408804525476567,50.0,10.759182952248338,294.0,53.351825833072255,tertiary,asphalt,,,,,,0,0.0,0.0
49.20246209867796,16.581653197354807,3.689595036293721,50.0,10.600685207537367,294.0,52.65467391673309,tertiary,asphalt,,,,,,0,0.6971519163391662,0.0
49.20246755320041,16.5816641064,3.836115108634596,50.0,11.04801377442064,294.0,52.65467391673309,tertiary,asphalt,,,,,,0,0.0,0.0
49.20247495731321,16.581671359006215,3.9826351809754703,50.0,11.166666666666668,294.0,25.616035227781047,tertiary,asphalt,,,,,,0,27.03863868895204,0.0
49.20248306523385,16.58167729162827,4.129155253316345,50.0,11.166666666666668,294.0,25.616035227781047,tertiary,asphalt,,,,,,0,0.0,0.0
49.20249117315418,16.58168322425226,4.27567532565722,50.0,11.166666666666668,294.0,25.616035227781047,tertiary,asphalt,,,,,,0,0.0,0.0
49.20249928107419,16.58168915687819,4.422195397998094,50.0,11.166666666666668,294.0,25.616035227781047,tertiary,asphalt,,,,,,0,0.0,0.0
49.20250738899388,16.581695089506063,4.56871547033897,50.0,11.166666666666668,294.0,25.616035227781047,tertiary,asphalt,,,,,,0,0.0,0.0
49.20251541992741,16.581701258513558,4.715235542679844,50.0,11.102143722832142,294.0,27.2417993845966,tertiary,asphalt,,,,,,0,1.6257641568155456,0.0
49.20252341429269,16.581707539801265,4.861755615020719,50.0,11.00697270621446,294.0,27.2417993845966,tertiary,asphalt,,,,,,0,0.0,0.0
49.20253225357639,16.581706249242256,5.008275687361594,50.0,11.0,294.0,-7.913182022733756,tertiary,asphalt,,,,,,0,35.15498140733035,0.0
49.20254115965689,16.581704360073957,5.154795759702468,50.0,11.0,294.0,-7.913182022733756,tertiary,asphalt,,,,,,0,0.0,0.0
49.20255006573735,16.581702470904983,5.301315832043343,50.0,11.0,294.0,-7.913182022733756,tertiary,asphalt,,,,,,0,0.0,0.0
49.20255897389568,16.581700605221087,5.447835904384218,50.0,10.960522086753286,294.0,-7.466248945393098,tertiary,asphalt,,,,,,0,0.4469330773406579,0.0
49.20256788936137,16.581698822128576,5.594355976725092,50.0,10.782212773877465,294.0,-7.466248945393098,tertiary,asphalt,,,,,,0,0.0,0.0
49.20257680482701,16.581697039035422,5.740876049065967,50.0,10.603903461001645,294.0,-7.466248945393098,tertiary,asphalt,,,,,,0,0.0,0.0
49.2025857202926,16.58169525594163,5.887396121406843,50.0,10.42559414812582,294.0,-7.466248945393098,tertiary,asphalt,indistinct,,uncontrolled,crossing,,0,0.0,0.0
49.202593142877845,16.58168791206528,6.033916193747717,50.0,10.4,294.0,-37.0920617465022,tertiary,asphalt,,,,,,0,29.6258128011091,0.0
49.202600310687885,16.581679627174665,6.180436266088591,50.0,10.40207125247245,294.0,-38.17864573023241,tertiary,asphalt,,,,,,0,1.0865839837302147,0.0
49.20260737894976,16.58167114526207,6.326956338429467,50.0,10.449192996066316,294.0,-38.17864573023241,tertiary,asphalt,,,,,,0,0.0,0.0
49.20261444721099,16.581662663347053,6.473476410770341,50.0,10.496314739660184,294.0,-38.17864573023241,tertiary,asphalt,,,,,,0,0.0,0.0
49.20262179803658,16.581654763384822,6.619996483111216,50.0,10.5,293.5614170476017,-34.89733991361881,tertiary,asphalt,,,,,,0,3.281305816613603,-0.438582952398292
49.20262917283514,16.581646912794792,6.766516555452091,50.0,10.5,293.08562361592175,-34.89733991361881,tertiary,asphalt,,,,,,0,0.0,-0.4757934316799606
49.20263654763316,16.58163906220242,6.913036627792965,50.0,10.5,292.6098301842418,-34.89733991361881,tertiary,asphalt,,,,,,0,0.0,-0.4757934316799606
49.202643922430646,16.58163121160771,7.05955670013384,50.0,10.5,292.1340367525619,-34.89733991361881,tertiary,asphalt,,,,,,0,0.0,-0.4757934316799037
49.20265131182437,16.581623393081124,7.206076772474715,50.0,10.591340873372904,292.0,-34.670379493861525,tertiary,asphalt,,,,,,0,0.2269604197572832,-0.134036752561883
49.202658706942415,16.581615587130223,7.35259684481559,50.0,10.718505579288486,292.0,-34.670379493861525,tertiary,asphalt,,,,,,0,0.0,0.0
49.202666102059936,16.581607781177,7.499116917156464,50.0,10.845670285204069,292.0,-34.670379493861525,tertiary,asphalt,,,,,,0,0.0,0.0
49.20267349717691,16.581599975221444,7.645636989497339,50.0,10.972834991119653,292.0,-34.670379493861525,tertiary,asphalt,,,,,,0,0.0,0.0
49.20268089229335,16.581592169263562,7.792157061838214,50.0,11.099999697035235,292.0,-34.670379493861525,tertiary,asphalt,,,,,,0,0.0,0.0
49.20268828740926,16.58158436330335,7.938677134179089,50.0,11.227164402950818,292.0,-34.670379493861525,tertiary,asphalt,,,,,,0,0.0,0.0
49.20269568252463,16.581576557340803,8.085197206519963,50.0,11.3543291088664,292.0,-34.670379493861525,tertiary,asphalt,,,,,,0,0.0,0.0
49.2027029416145,16.581568470062802,8.231717278860838,50.0,11.045694626100346,292.0,-38.17859652990028,tertiary,asphalt,,,,,,0,3.508217036038751,0.0
49.20271026386397,16.581560516817483,8.378237351201713,50.0,10.777777777777777,292.0731091985147,-34.3161255080613,tertiary,asphalt,,,,,,0,3.862471021838978,0.0731091985147145
49.20271769046576,16.5815527807844,8.524757423542587,50.0,10.777777777777777,292.1762564186863,-34.3161255080613,tertiary,asphalt,,,,,,0,0.0,0.1031472201715928
49.202725117067,16.581545044749003,8.671277495883462,50.0,10.777777777777777,292.2794036388579,-34.3161255080613,tertiary,asphalt,,,,,,0,0.0,0.1031472201715928
49.20273254366771,16.581537308711287,8.817797568224337,50.0,10.777777777777777,292.3825508590295,-34.3161255080613,tertiary,asphalt,,,,,,0,0.0,0.1031472201715928
49.2027399702679,16.581529572671258,8.964317640565211,50.0,10.777777777777777,292.4856980792011,-34.3161255080613,tertiary,asphalt,,,,,,0,0.0,0.1031472201715928
49.202747396867565,16.581521836628895,9.110837712906086,50.0,10.777777777777777,292.5888452993727,-34.3161255080613,tertiary,asphalt,,,,,,0,0.0,0.1031472201715928
49.20275482346669,16.581514100584236,9.257357785246962,50.0,10.777777777777777,292.69199251954427,-34.3161255080613,tertiary,asphalt,,,,,,0,0.0,0.1031472201715928
49.202762250065305,16.58150636453725,9.403877857587837,50.0,10.777777777777777,292.79513973971586,-34.3161255080613,tertiary,asphalt,,,,,,0,0.0,0.1031472201715928
49.20276967666338,16.58149862848795,9.55039792992871,50.0,10.777777777777777,292.89828695988746,-34.3161255080613,tertiary,asphalt,,,,,,0,0.0,0.1031472201715928
49.202777102579496,16.581490890928347,9.696196410984449,50.0,10.77767678535336,293.0,-34.86626951334259,tertiary,asphalt,,,,,,0,0.5501440052812896,0.1017130401125427
49.20278448016688,16.581483046419148,9.790819139827812,50.0,10.77041334045242,293.0,-34.86626951334259,tertiary,asphalt,,,,,,0,0.0,0.0
49.2027918577537,16.581475201907622,9.885441868671176,50.0,10.763149895551484,293.0,-34.86626951334259,tertiary,asphalt,,,,,,0,0.0,0.0
49.20279923533999,16.58146735739376,9.98006459751454,50.0,10.755886450650545,293.0,-34.86626951334259,tertiary,asphalt,,,,,,0,0.0,0.0
49.20280661292573,16.581459512877554,10.074687326357903,50.0,10.748623005749604,293.0,-34.86626951334259,tertiary,asphalt,,,,,,0,0.0,0.0
49.20281399051095,16.581451668359026,10.16931005520127,50.0,10.741359560848668,293.0,-34.86626951334259,tertiary,asphalt,,,,,,0,0.0,0.0
49.20282136809561,16.581443823838157,10.263932784044634,50.0,10.734096115947729,293.0,-34.86626951334259,tertiary,asphalt,,,,,,0,0.0,0.0
49.20282874567973,16.581435979314964,10.358555512888,50.0,10.726832671046791,293.0,-34.86626951334259,tertiary,asphalt,,,,,,0,0.0,0.0
49.2028361232633,16.581428134789423,10.453178241731363,50.0,10.719569226145852,293.0,-34.86626951334259,tertiary,asphalt,,,,,,0,0.0,0.0
49.202843500846335,16.581420290261555,10.547800970574729,50.0,10.712305781244917,293.0,-34.86626951334259,tertiary,asphalt,,,,,,0,0.0,0.0
49.20285087842883,16.581412445731353,10.642423699418092,50.0,10.705042336343976,293.0,-34.86626951334259,tertiary,asphalt,,,,,,0,0.0,0.0
49.20285825545105,16.581404599973304,10.70426814946668,50.0,10.731165052763313,292.9710839716629,-34.886730244483886,tertiary,asphalt,,,,,,0,0.0204607311412985,-0.0289160283371074
49.20286563120208,16.58139675143077,10.69169970963564,50.0,10.833080667320564,292.8765230921768,-34.886730244483886,tertiary,asphalt,,,,,,0,0.0,-0.0945608794860959
49.20287300695257,16.58138890288591,10.679131269804602,50.0,10.934996281877815,292.7819622126907,-34.886730244483886,tertiary,asphalt,,,,,,0,0.0,-0.0945608794860959
49.20288038270253,16.58138105433869,10.666562829973564,50.0,11.036911896435068,292.68740133320455,-34.886730244483886,tertiary,asphalt,,,,,,0,0.0,-0.0945608794861527
49.20288775845192,16.58137320578916,10.653994390142524,50.0,11.13882751099232,292.59284045371845,-34.886730244483886,tertiary,asphalt,,,,,,0,0.0,-0.0945608794860959
49.20289513420079,16.581365357237285,10.641425950311485,50.0,11.240743125549574,292.4982795742324,-34.886730244483886,tertiary,asphalt,,,,,,0,0.0,-0.0945608794860959
49.20290250994911,16.58135750868308,10.628857510480444,50.0,11.342658740106828,292.40371869474626,-34.886730244483886,tertiary,asphalt,,,,,,0,0.0,-0.0945608794860959
49.20290988569688,16.581349660126538,10.616289070649406,50.0,11.44457435466408,292.3091578152601,-34.886730244483886,tertiary,asphalt,,,,,,0,0.0,-0.0945608794861527
49.20291726144412,16.58134181156766,10.603720630818367,50.0,11.546489969221332,292.214596935774,-34.886730244483886,tertiary,asphalt,,,,,,0,0.0,-0.0945608794860959
49.2029246371908,16.58133396300645,10.591152190987328,50.0,11.648405583778583,292.1200360562879,-34.886730244483886,tertiary,asphalt,,,,,,0,0.0,-0.0945608794860959
49.20293201293696,16.581326114442906,10.57858375115629,50.0,11.750321198335838,292.0254751768018,-34.886730244483886,tertiary,asphalt,,,,,,0,0.0,-0.0945608794860959
49.202939420697845,16.581318336593053,10.553382370673509,50.0,11.68788231775593,292.0,-34.39556666746207,tertiary,asphalt,,,,,,0,0.4911635770218154,-0.0254751768018195
49.20294684026375,16.581310584817214,10.5235226255201,50.0,11.564838135947172,292.0,-34.39556666746207,tertiary,asphalt,,,,,,0,0.0,0.0
49.20295425982911,16.581302833039064,10.493662880366696,50.0,11.441793954138411,292.0,-34.39556666746207,tertiary,asphalt,,,,,,0,0.0,0.0
49.202961679393965,16.581295081258588,10.46380313521329,50.0,11.318749772329651,292.0,-34.39556666746207,tertiary,asphalt,,,,,,0,0.0,0.0
49.20296909895828,16.581287329475796,10.433943390059884,50.0,11.195705590520893,292.0,-34.39556666746207,tertiary,asphalt,,,,,,0,0.0,0.0
49.202976518522064,16.581279577690687,10.40408364490648,50.0,11.072661408712133,292.0,-34.39556666746207,tertiary,asphalt,,,,,,0,0.0,0.0
49.20298393808531,16.581271825903254,10.374223899753074,50.0,10.949617226903374,292.0,-34.39556666746207,tertiary,asphalt,,,,,,0,0.0,0.0
49.202991357648045,16.581264074113495,10.344364154599669,50.0,10.826573045094614,292.0,-34.39556666746207,tertiary,asphalt,,,,,,0,0.0,0.0
49.20299877721023,16.581256322321433,10.314504409446265,50.0,10.703528863285854,292.0,-34.39556666746207,tertiary,asphalt,,,,,,0,0.0,0.0
49.20300725623349,16.581252895959423,10.284644664292856,50.0,10.666666666666668,292.1840068662058,-6.59605550895237,tertiary,asphalt,,,,,,0,27.799511158509706,0.1840068662057774
49.20301618841493,16.581251319692512,10.254784919139452,50.0,10.666666666666668,292.4467180842136,-6.59605550895237,tertiary,asphalt,,,,,,0,0.0,0.262711218007837
49.20302512059632,16.581249743425037,10.224925173986046,50.0,10.666666666666668,292.70942930222145,-6.59605550895237,tertiary,asphalt,,,,,,0,0.0,0.262711218007837
49.20303405277769,16.581248167156993,10.195065428832642,50.0,10.666666666666668,292.9721405202293,-6.59605550895237,tertiary,asphalt,,,,,,0,0.0,0.262711218007837
49.20304299268201,16.58124669684755,10.165205683679236,50.0,10.734237648742909,293.0,-6.098105576558229,tertiary,asphalt,,,,,,0,0.4979499323941407,0.0278594797707114
49.20305193350245,16.58124523910708,10.13534593852583,50.0,10.80982429390246,293.0,-6.098105576558229,tertiary,asphalt,,,,,,0,0.0,0.0
49.20306087432285,16.581243781366084,10.105486193372425,50.0,10.885410939062016,293.0,-6.098105576558229,tertiary,asphalt,,,,,,0,0.0,0.0
49.203069815143216,16.58124232362456,10.07562644821902,50.0,10.960997584221571,293.0,-6.098105576558229,tertiary,asphalt,,,,,,0,0.0,0.0
49.20307875596355,16.581240865882517,10.045766703065611,50.0,11.036584229381123,293.0,-6.098105576558229,tertiary,asphalt,,,,,,0,0.0,0.0
49.203087696783854,16.581239408139943,10.015906957912208,50.0,11.11217087454068,293.0,-6.098105576558229,tertiary,asphalt,,,,,,0,0.0,0.0
49.20309663760413,16.581237950396844,9.986047212758802,50.0,11.187757519700236,293.0,-6.098105576558229,tertiary,asphalt,,,,,,0,0.0,0.0
49.20310557842438,16.58123649265322,9.956187467605398,50.0,11.26334416485979,293.0,-6.098105576558229,tertiary,asphalt,,,,,,0,0.0,0.0
49.20311451924458,16.58123503490907,9.926327722451992,50.0,11.338930810019344,293.0,-6.098105576558229,tertiary,asphalt,,,,,,0,0.0,0.0
49.20312346006475,16.581233577164394,9.896467977298586,50.0,11.4145174551789,293.0,-6.098105576558229,tertiary,asphalt,main_to_main,,,,,0,0.0,0.0
49.20313232765533,16.581234602450944,9.86660823214518,50.0,11.999999999999998,292.97261582038647,9.625556349026972,tertiary,asphalt,,,,,,0,15.7236619255852,-0.0273841796135343
49.20314119276638,16.5812368969469,9.836748486991777,50.0,11.999999999999998,292.86832039927344,9.625556349026972,tertiary,asphalt,,,,,,0,0.0,-0.1042954211130222
49.20315005787735,16.58123919144368,9.80688874183837,50.0,11.999999999999998,292.7640249781604,9.625556349026972,tertiary,asphalt,,,,,,0,0.0,-0.1042954211130222
49.20315892298826,16.58124148594128,9.777028996684964,50.0,11.999999999999998,292.6597295570474,9.625556349026972,tertiary,asphalt,,,,,,0,0.0,-0.1042954211130222
49.20316778809912,16.581243780439696,9.74716925153156,50.0,11.999999999999998,292.5554341359343,9.625556349026972,tertiary,asphalt,,,,,,0,0.0,-0.1042954211130791
49.20317665320992,16.581246074938935,9.717309506378154,50.0,11.999999999999998,292.4511387148213,9.625556349026972,tertiary,asphalt,,,,,,0,0.0,-0.1042954211130222
49.203185518320645,16.581248369438995,9.687449761224748,50.0,11.999999999999998,292.3468432937083,9.625556349026972,tertiary,asphalt,,,,,,0,0.0,-0.1042954211130222
49.20319438343133,16.581250663939876,9.657590016071342,50.0,11.999999999999998,292.24254787259525,9.625556349026972,tertiary,asphalt,,,,,,0,0.0,-0.1042954211130222
49.20320324854196,16.581252958441574,9.627730270917937,50.0,11.999999999999998,292.13825245148223,9.625556349026972,tertiary,asphalt,,,,,,0,0.0,-0.1042954211130222
49.203212113652505,16.581255252944093,9.597870525764533,50.0,11.999999999999998,292.03395703036915,9.625556349026972,tertiary,asphalt,,,,,,0,0.0,-0.1042954211130791
49.203220969564185,16.58125762805984,9.684411397598906,50.0,11.951761099360464,292.0,10.13216327082317,tertiary,asphalt,,,,,,0,0.5066069217961982,-0.0339570303691516
49.20322982103491,16.581260042093426,9.827146607180328,50.0,11.880234065502798,292.0,10.13216327082317,tertiary,asphalt,,,,,,0,0.0,0.0
49.20323867250557,16.581262456127874,9.969881816761747,50.0,11.808707031645133,292.0,10.13216327082317,tertiary,asphalt,,,,,,0,0.0,0.0
49.20324752397616,16.581264870163185,10.112617026343171,50.0,11.737179997787464,292.0,10.13216327082317,tertiary,asphalt,,,,,,0,0.0,0.0
49.203256375446685,16.581267284199352,10.255352235924592,50.0,11.665652963929798,292.0,10.13216327082317,tertiary,asphalt,,,,,,0,0.0,0.0
49.20326522691716,16.581269698236387,10.398087445506016,50.0,11.594125930072131,292.0,10.13216327082317,tertiary,asphalt,,,,,,0,0.0,0.0
49.20327407838756,16.58127211227428,10.540822655087435,50.0,11.522598896214465,292.0,10.13216327082317,tertiary,asphalt,,,,,,0,0.0,0.0
49.20328292985791,16.581274526313038,10.683557864668858,50.0,11.451071862356798,292.0,10.13216327082317,tertiary,asphalt,,,,,,0,0.0,0.0
49.20329178132817,16.581276940352655,10.82629307425028,50.0,11.379544828499132,292.0,10.13216327082317,tertiary,asphalt,,,,,,0,0.0,0.0
49.20330063279838,16.581279354393136,10.9690282838317,50.0,11.308017794641463,292.0,10.13216327082317,tertiary,asphalt,,,,,,0,0.0,0.0
49.20330948426852,16.581281768434476,11.111763493413122,50.0,11.236490760783798,292.0,10.13216327082317,tertiary,asphalt,,,,,,0,0.0,0.0
49.20331833898536,16.581284154406465,11.229187999377976,50.0,11.19927623266254,292.0,9.889213281807884,tertiary,asphalt,,,,,,0,0.2429499890152868,0.0
49.20332719708368,16.581286511143787,11.32025105904988,50.0,11.197798651678326,292.0,9.889213281807884,tertiary,asphalt,,,,,,0,0.0,0.0
49.20333605518193,16.581288867881952,11.411314118721783,50.0,11.196321070694117,292.0,9.889213281807884,tertiary,asphalt,,,,,,0,0.0,0.0
49.20334491328013,16.58129122462096,11.502377178393688,50.0,11.194843489709903,292.0,9.889213281807884,tertiary,asphalt,,,,,,0,0.0,0.0
49.20335377137827,16.58129358136081,11.593440238065591,50.0,11.19336590872569,292.0,9.889213281807884,tertiary,asphalt,,,,,,0,0.0,0.0
49.20336262947634,16.5812959381015,11.684503297737496,50.0,11.19188832774148,292.0,9.889213281807884,tertiary,asphalt,,,,,,0,0.0,0.0
49.20337148757434,16.581298294843034,11.7755663574094,50.0,11.190410746757266,292.0,9.889213281807884,tertiary,asphalt,,,,,,0,0.0,0.0
49.20338034567229,16.58130065158541,11.866629417081306,50.0,11.188933165773054,292.0,9.889213281807884,tertiary,asphalt,,,,,,0,0.0,0.0
49.20338920377019,16.581303008328625,11.957692476753213,50.0,11.187455584788845,292.0,9.889213281807884,tertiary,asphalt,,,,,,0,0.0,0.0
49.203398061868015,16.581305365072684,12.048755536425114,50.0,11.18597800380463,292.0,9.889213281807884,tertiary,asphalt,,,,,,0,0.0,0.0
49.20340691996578,16.581307721817584,12.13981859609702,50.0,11.18450042282042,292.0,9.889213281807884,tertiary,asphalt,,,,,,0,0.0,0.0
49.20341577806347,16.581310078563327,12.230881655768924,50.0,11.183022841836207,292.0,9.889213281807884,tertiary,asphalt,,,,,,0,0.0,0.0
49.20342463702373,16.581312427689923,12.308357103898494,50.0,11.170533757158289,291.9852520390584,9.714433189999491,tertiary,asphalt,,,,,,0,0.1747800918083921,-0.0147479609416336
49.20343349979145,16.581314743183093,12.325857488205864,50.0,11.109440424798516,291.9054072878555,9.714433189999491,tertiary,asphalt,,,,,,0,0.0,-0.0798447512028701
49.2034423625591,16.581317058677087,12.343357872513234,50.0,11.048347092438744,291.8255625366526,9.714433189999491,tertiary,asphalt,,,,,,0,0.0,-0.0798447512028701
49.2034512253267,16.581319374171912,12.360858256820606,50.0,10.987253760078971,291.74571778544976,9.714433189999491,tertiary,asphalt,,,,,,0,0.0,-0.0798447512028701
49.203460088094246,16.581321689667565,12.378358641127976,50.0,10.9261604277192,291.6658730342469,9.714433189999491,tertiary,asphalt,,,,,,0,0.0,-0.0798447512028701
49.20346895086173,16.581324005164042,12.395859025435346,50.0,10.865067095359429,291.586028283044,9.714433189999491,tertiary,asphalt,,,,,,0,0.0,-0.0798447512028701
49.20347781362914,16.58132632066135,12.413359409742716,50.0,10.803973762999656,291.50618353184115,9.714433189999491,tertiary,asphalt,,,,,,0,0.0,-0.0798447512028701
49.20348667639651,16.581328636159483,12.430859794050086,50.0,10.742880430639882,291.4263387806383,9.714433189999491,tertiary,asphalt,,,,,,0,0.0,-0.0798447512028701
49.2034955391638,16.581330951658444,12.448360178357456,50.0,10.681787098280113,291.3464940294354,9.714433189999491,tertiary,asphalt,,,,,,0,0.0,-0.0798447512028701
49.20350440193104,16.581333267158236,12.465860562664828,50.0,10.620693765920338,291.26664927823253,9.714433189999491,tertiary,asphalt,,,,,,0,0.0,-0.0798447512028701
49.20351326469822,16.581335582658852,12.483360946972198,50.0,10.559600433560568,291.18680452702966,9.714433189999491,tertiary,asphalt,,,,,,0,0.0,-0.0798447512028701
49.20352212746533,16.5813378981603,12.500861331279568,50.0,10.498507101200794,291.1069597758268,9.714433189999491,tertiary,asphalt,,,,,,0,0.0,-0.0798447512028701
49.2035309902324,16.58134021366257,12.518361715586938,50.0,10.437413768841022,291.0271150246239,9.714433189999491,tertiary,asphalt,,,,,,0,0.0,-0.0798447512028701
49.20353984951972,16.581342559868265,12.574198252762724,50.0,10.457288329592965,291.0,9.911451106791402,tertiary,asphalt,,,,,,0,0.1970179167919106,-0.0271150246239244
49.20354870701766,16.581344921862886,12.649748257017777,50.0,10.518798729517751,291.0,9.911451106791402,tertiary,asphalt,,,,,,0,0.0,0.0
49.203557564515535,16.58134728385835,12.72529826127283,50.0,10.580309129442544,291.0,9.911451106791402,tertiary,asphalt,,,,,,0,0.0,0.0
49.20356642201335,16.581349645854658,12.800848265527884,50.0,10.641819529367336,291.0,9.911451106791402,tertiary,asphalt,,,,,,0,0.0,0.0
49.2035752795111,16.58135200785181,12.876398269782934,50.0,10.703329929292128,291.0,9.911451106791402,tertiary,asphalt,,,,,,0,0.0,0.0
49.20358413700879,16.581354369849805,12.951948274037989,50.0,10.76484032921692,291.0,9.911451106791402,tertiary,asphalt,,,,,,0,0.0,0.0
49.203592994506415,16.581356731848647,13.02749827829304,50.0,10.82635072914171,291.0,9.911451106791402,tertiary,asphalt,,,,,,0,0.0,0.0
49.20360185200399,16.581359093848327,13.103048282548093,50.0,10.887861129066502,291.0,9.911451106791402,tertiary,asphalt,,,,,,0,0.0,0.0
49.20361070950148,16.581361455848857,13.178598286803144,50.0,10.949371528991293,291.0,9.911451106791402,tertiary,asphalt,,,,,,0,0.0,0.0
49.20361956699892,16.581363817850225,13.254148291058195,50.0,11.010881928916085,291.0,9.911451106791402,tertiary,asphalt,,,,,,0,0.0,0.0
49.2036284244963,16.58136617985244,13.329698295313248,50.0,11.072392328840875,291.0,9.911451106791402,tertiary,asphalt,,,,,,0,0.0,0.0
49.20363728199362,16.581368541855497,13.4052482995683,50.0,11.133902728765667,291.0,9.911451106791402,tertiary,asphalt,,,,,,0,0.0,0.0
49.20364613949087,16.5813709038594,13.480798303823354,50.0,11.19541312869046,291.0,9.911451106791402,tertiary,asphalt,,,,,,0,0.0,0.0
49.20365499723142,16.581373263729972,13.548747501830617,50.0,11.251373596926191,290.9835168368857,9.83111934858482,tertiary,asphalt,,,,,,0,0.0803317582065812,-0.0164831631142874
49.20366385689047,16.581375606774994,13.55676999836042,50.0,11.263576983517162,290.83707619779403,9.83111934858482,tertiary,asphalt,,,,,,0,0.0,-0.1464406390916792
49.20367271654945,16.58137794982085,13.56479249489022,50.0,11.275780370108132,290.6906355587024,9.83111934858482,tertiary,asphalt,,,,,,0,0.0,-0.1464406390916224
49.20368157620836,16.581380292867546,13.57281499142002,50.0,11.2879837566991,290.5441949196108,9.83111934858482,tertiary,asphalt,,,,,,0,0.0,-0.1464406390916224
49.20369043586723,16.58138263591508,13.580837487949822,50.0,11.30018714329007,290.3977542805192,9.83111934858482,tertiary,asphalt,,,,,,0,0.0,-0.1464406390916224
49.20369929552603,16.581384978963452,13.588859984479624,50.0,11.31239052988104,290.2513136414275,9.83111934858482,tertiary,asphalt,,,,,,0,0.0,-0.1464406390916792
49.20370815518476,16.58138732201266,13.596882481009423,50.0,11.32459391647201,290.10487300233586,9.83111934858482,tertiary,asphalt,,,,,,0,0.0,-0.1464406390916224
49.20371701484345,16.5813896650627,13.604904977539226,50.0,11.33679730306298,289.95843236324424,9.83111934858482,tertiary,asphalt,,,,,,0,0.0,-0.1464406390916224
49.20372587450206,16.581392008113585,13.612927474069028,50.0,11.34900068965395,289.8119917241526,9.83111934858482,tertiary,asphalt,,,,,,0,0.0,-0.1464406390916224
49.20373473416063,16.581394351165304,13.62094997059883,50.0,11.36120407624492,289.66555108506094,9.83111934858482,tertiary,asphalt,,,,,,0,0.0,-0.1464406390916792
49.20374359381912,16.581396694217858,13.62897246712863,50.0,11.373407462835887,289.5191104459693,9.83111934858482,tertiary,asphalt,,,,,,0,0.0,-0.1464406390916224
49.20375245347756,16.581399037271254,13.636994963658433,50.0,11.385610849426858,289.3726698068777,9.83111934858482,tertiary,asphalt,,,,,,0,0.0,-0.1464406390916224
49.203761313135935,16.581401380325484,13.645017460188232,50.0,11.397814236017828,289.2262291677861,9.83111934858482,tertiary,asphalt,,,,,,0,0.0,-0.1464406390916224
49.20377017279424,16.581403723380554,13.653039956718034,50.0,11.410017622608798,289.0797885286944,9.83111934858482,tertiary,asphalt,,,,,,0,0.0,-0.1464406390916792
49.2037790303162,16.58140608508232,13.689145726982735,50.0,11.413288196647985,289.0,10.004786847813648,tertiary,asphalt,,,,,,0,0.1736674992288271,-0.0797885286943937
49.2037878852808,16.581408469105703,13.75886968396166,50.0,11.40586539629344,289.0,10.004786847813648,tertiary,asphalt,,,,,,0,0.0,0.0
49.20379674024531,16.58141085312994,13.828593640940586,50.0,11.398442595938896,289.0,10.004786847813648,tertiary,asphalt,,,,,,0,0.0,0.0
49.20380559520977,16.581413237155026,13.89831759791951,50.0,11.39101979558435,289.0,10.004786847813648,tertiary,asphalt,,,,,,0,0.0,0.0
49.20381445017418,16.581415621180962,13.968041554898434,50.0,11.383596995229803,289.0,10.004786847813648,tertiary,asphalt,,,,,,0,0.0,0.0
49.20382330513852,16.58141800520775,14.03776551187736,50.0,11.37617419487526,289.0,10.004786847813648,tertiary,asphalt,,,,,,0,0.0,0.0
49.20383216010279,16.581420389235394,14.107489468856285,50.0,11.368751394520716,289.0,10.004786847813648,tertiary,asphalt,,,,,,0,0.0,0.0
49.203841015067,16.581422773263885,14.177213425835207,50.0,11.36132859416617,289.0,10.004786847813648,tertiary,asphalt,,,,,,0,0.0,0.0
49.20384987003115,16.581425157293225,14.246937382814131,50.0,11.353905793811627,289.0,10.004786847813648,tertiary,asphalt,,,,,,0,0.0,0.0
49.20385872499525,16.58142754132342,14.316661339793056,50.0,11.346482993457082,289.0,10.004786847813648,tertiary,asphalt,,,,,,0,0.0,0.0
49.20386757995927,16.58142992535447,14.38638529677198,50.0,11.339060193102537,289.0,10.004786847813648,tertiary,asphalt,,,,,,0,0.0,0.0
49.20387643492323,16.581432309386365,14.456109253750904,50.0,11.331637392747991,289.0,10.004786847813648,tertiary,asphalt,,,,,,0,0.0,0.0
49.203885289887126,16.581434693419112,14.525833210729829,50.0,11.324214592393448,289.0,10.004786847813648,tertiary,asphalt,,,,,,0,0.0,0.0
49.20389414485095,16.581437077452712,14.595557167708751,50.0,11.316791792038902,289.0,10.004786847813648,tertiary,asphalt,,,,,,0,0.0,0.0
49.20390299981474,16.581439461487165,14.665281124687676,50.0,11.309368991684355,289.0,10.004786847813648,tertiary,asphalt,,,,,,0,0.0,0.0
49.20391185477954,16.581441845512895,14.681030533021715,50.0,11.307692307692308,288.68362557511665,10.004760929529708,tertiary,asphalt,,,,,,0,2.5918283940384867e-05,-0.3163744248833495
49.203920709744615,16.58144422953669,14.681030475806857,50.0,11.307692307692308,288.2749348969186,10.004760929529708,tertiary,asphalt,,,,,,0,0.0,-0.4086906781980701
49.20392956470963,16.58144661356133,14.681030418591998,50.0,11.307692307692308,287.86624421872045,10.004760929529708,tertiary,asphalt,,,,,,0,0.0,-0.408690678198127
49.20393841967457,16.581448997586822,14.68103036137714,50.0,11.307692307692308,287.4575535405223,10.004760929529708,tertiary,asphalt,,,,,,0,0.0,-0.408690678198127
49.20394727463946,16.58145138161317,14.681030304162284,50.0,11.307692307692308,287.0488628623242,10.004760929529708,tertiary,asphalt,,,,,,0,0.0,-0.408690678198127
49.20395612960429,16.581453765640365,14.681030246947424,50.0,11.307692307692308,286.64017218412613,10.004760929529708,tertiary,asphalt,,,,,,0,0.0,-0.4086906781980701
49.20396498456905,16.581456149668416,14.681030189732564,50.0,11.307692307692308,286.231481505928,10.004760929529708,tertiary,asphalt,,,,,,0,0.0,-0.408690678198127
49.20397383953375,16.581458533697315,14.681030132517709,50.0,11.307692307692308,285.8227908277299,10.004760929529708,tertiary,asphalt,,,,,,0,0.0,-0.408690678198127
49.20398269449839,16.581460917727064,14.68103007530285,50.0,11.307692307692308,285.4141001495318,10.004760929529708,tertiary,asphalt,,,,,,0,0.0,-0.4086906781980701
49.20399154946295,16.581463301757665,14.681030018087991,50.0,11.307692307692308,285.0054094713337,10.004760929529708,tertiary,asphalt,,,,,,0,0.0,-0.408690678198127
49.20400040442747,16.581465685789123,14.681029960873133,50.0,11.307692307692308,284.59671879313555,10.004760929529708,tertiary,asphalt,,,,,,0,0.0,-0.408690678198127
49.20400925939191,16.581468069821423,14.681029903658274,50.0,11.307692307692308,284.1880281149374,10.004760929529708,tertiary,asphalt,,,,,,0,0.0,-0.408690678198127
49.204018114356295,16.581470453854582,14.681029846443415,50.0,11.307692307692308,283.7793374367393,10.004760929529708,tertiary,asphalt,,,,,,0,0.0,-0.4086906781980701
49.204026969320616,16.58147283788859,14.68102978922856,50.0,11.307692307692308,283.3706467585412,10.004760929529708,tertiary,asphalt,,,,,,0,0.0,-0.408690678198127
49.2040358251656,16.581475214164552,14.68164163395,50.0,11.303054601656616,283.0,9.651590250917767,tertiary,asphalt,,,,,,0,0.3531706786119404,-0.370646758541227
49.2040446895912,16.581477514849468,14.68821499555192,50.0,11.253233572643197,283.0,9.651590250917767,tertiary,asphalt,,,,,,0,0.0,0.0
49.20405355401671,16.581479815535204,14.694788357153843,50.0,11.203412543629776,283.0,9.651590250917767,tertiary,asphalt,,,,,,0,0.0,0.0
49.20406241844217,16.581482116221764,14.701361718755765,50.0,11.153591514616355,283.0,9.651590250917767,tertiary,asphalt,,,,,,0,0.0,0.0
49.20407128286757,16.581484416909145,14.707935080357688,50.0,11.103770485602936,283.0,9.651590250917767,tertiary,asphalt,,,,,,0,0.0,0.0
49.20408014729292,16.581486717597347,14.714508441959609,50.0,11.053949456589516,283.0,9.651590250917767,tertiary,asphalt,,,,,,0,0.0,0.0
49.2040890117182,16.581489018286373,14.721081803561532,50.0,11.004128427576097,283.0,9.651590250917767,tertiary,asphalt,,,,,,0,0.0,0.0
49.20409787614343,16.581491318976223,14.727655165163457,50.0,10.954307398562674,283.0,9.651590250917767,tertiary,asphalt,,,,,,0,0.0,0.0
49.20410674056859,16.581493619666897,14.734228526765376,50.0,10.904486369549254,283.0,9.651590250917767,tertiary,asphalt,,,,,,0,0.0,0.0
49.204115604993696,16.58149592035839,14.7408018883673,50.0,10.854665340535837,283.0,9.651590250917767,tertiary,asphalt,,,,,,0,0.0,0.0
49.20412446941874,16.581498221050705,14.74737524996922,50.0,10.804844311522414,283.0,9.651590250917767,tertiary,asphalt,,,,,,0,0.0,0.0
49.20413333384372,16.581500521743845,14.753948611571143,50.0,10.755023282508994,283.0,9.651590250917767,tertiary,asphalt,,,,,,0,0.0,0.0
49.204142198268656,16.58150282243781,14.760521973173065,50.0,10.705202253495573,283.0,9.651590250917767,tertiary,asphalt,,,,,,0,0.0,0.0
49.20415106269352,16.58150512313259,14.767095334774988,50.0,10.655381224482152,283.0,9.651590250917767,tertiary,asphalt,,,,,,0,0.0,0.0
49.204159927118326,16.5815074238282,14.773668696376909,50.0,10.605560195468732,283.0,9.651590250917767,tertiary,asphalt,,,,,,0,0.0,0.0
49.20416878787486,16.581509756706755,14.79880380538446,50.0,10.58565242197374,282.92034643694706,10.084708152941674,tertiary,asphalt,,,,,,0,0.4331179020239073,-0.0796535630529433
49.20417764065124,16.581512159596993,14.86431919554716,50.0,10.630819646090968,282.66740998189056,10.084708152941674,tertiary,asphalt,,,,,,0,0.0,-0.2529364550564992
49.20418649342755,16.58151456248809,14.92983458570986,50.0,10.6759868702082,282.4144735268341,10.084708152941674,tertiary,asphalt,,,,,,0,0.0,-0.2529364550564423
49.20419534620381,16.581516965380043,14.99534997587256,50.0,10.72115409432543,282.1615370717776,10.084708152941674,tertiary,asphalt,,,,,,0,0.0,-0.2529364550564992
49.20420419898,16.581519368272854,15.06086536603526,50.0,10.76632131844266,281.9086006167211,10.084708152941674,tertiary,asphalt,,,,,,0,0.0,-0.2529364550564992
49.20421305175611,16.581521771166525,15.12638075619796,50.0,10.811488542559893,281.6556641616646,10.084708152941674,tertiary,asphalt,,,,,,0,0.0,-0.2529364550564992
49.20422190453217,16.58152417406105,15.19189614636066,50.0,10.85665576667712,281.4027277066081,10.084708152941674,tertiary,asphalt,,,,,,0,0.0,-0.2529364550564992
49.204230757308174,16.58152657695644,15.257411536523358,50.0,10.90182299079435,281.1497912515516,10.084708152941674,tertiary,asphalt,,,,,,0,0.0,-0.2529364550564992
